{
    "amat": 19.130434782608695,
    "number_layers": 1,
    "caches": [
        {
            "size": 128,
            "hit_rate": 0.9217391304347826,
            "associativity": "direct_mapped",
            "strategy": "WRITE_BACK",
            "block_size": 16,
            "access_time": 15
        }
    ],
    "amat_write": 24.09090909090909,
    "MMAT": 50,
    "benchmark_name": "compitomin.s",
    "amat_read": 18.881278538812786
}