{
  "amat": 16.08695652173913,
  "number_layers": 1,
  "caches": [
    {
      "size": 512,
      "hit_rate": 0.9782608695652174,
      "associativity": "direct_mapped",
      "strategy": "WRITE_BACK",
      "block_size": 32,
      "access_time": 15
    }
  ],
  "amat_write": 24.09090909090909,
  "MMAT": 50,
  "benchmark_name": "compitomin.s",
  "amat_read": 15.684931506849315
}