{
    "amat": 16.521739130434785,
    "number_layers": 1,
    "caches": [
        {
            "size": 128,
            "hit_rate": 0.8782608695652174,
            "associativity": "direct_mapped",
            "strategy": "WRITE_BACK",
            "block_size": 8,
            "access_time": 10
        }
    ],
    "amat_write": 28.181818181818183,
    "MMAT": 50,
    "benchmark_name": "compitomin.s",
    "amat_read": 15.93607305936073
}