{
    "amat": 16.73913043478261,
    "number_layers": 1,
    "caches": [
        {
            "size": 128,
            "hit_rate": 0.8782608695652174,
            "associativity": "2_WAY_SET_ASSOCIATIVE_FIFO",
            "strategy": "WRITE_BACK",
            "block_size": 8,
            "access_time": 10
        }
    ],
    "amat_write": 28.181818181818183,
    "MMAT": 50,
    "benchmark_name": "compitomin.s",
    "amat_read": 16.164383561643834
}